keyword,impressions,category,month
cars24,16249,Cars24,2026-08
cars 24,6431,Cars24,2026-08
car24,2810,Cars24,2026-08
car 24,1103,Cars24,2026-08
cars24 brisbane,868,Cars24 Cities,2026-08
cars24 melbourne,864,Cars24 Cities,2026-08
cars24 melbourne reviews,595,Others,2026-08
cars24 sydney,551,Cars24 Cities,2026-08
cars24 reviews,548,Others,2026-08
cars24 review,477,Others,2026-08
cars24 altona north,385,Cars24,2026-08
cars24 brisbane reviews,379,Others,2026-08
cars24 australia,292,Cars24,2026-08
cars24 sydney reviews,287,Others,2026-08
car24 melbourne,272,Cars24 Cities,2026-08
cars 24 melbourne,270,Cars24 Cities,2026-08
24 cars,257,Cars24,2026-08
cars24 villawood,247,Cars24,2026-08
cars 24 brisbane,230,Cars24 Cities,2026-08
cars 24 sydney,192,Cars24 Cities,2026-08
is cars24 legit,181,Cars24,2026-08
cars 24 villawood,175,Cars24,2026-08
cars 24 australia,175,Cars24,2026-08
"cars24 melbourne - buy, sell & finance used cars",170,Cars24 Sell,2026-08
car 24 melbourne,170,Cars24 Cities,2026-08
cars24 reviews australia,167,Others,2026-08
car24 sydney,165,Cars24 Cities,2026-08
cars24 nsw,163,Cars24,2026-08
"cars24 brisbane - buy, sell & finance used cars reviews",159,Cars24 Sell,2026-08
cars 24 reviews,149,Others,2026-08
cars 24 rocklea,138,Cars24,2026-08
"cars24 melbourne - buy, sell",137,Cars24 Sell,2026-08
cars24au,135,Cars24,2026-08
cars24 yeerongpilly,127,Cars24,2026-08
cars24 sell your car,117,Cars24 Sell,2026-08
car24 brisbane,112,Cars24 Cities,2026-08
cars 24 altona,105,Cars24,2026-08
cars24 laverton,99,Cars24,2026-08
"cars24 sydney - buy, sell & finance used cars",92,Cars24 Sell,2026-08
cars 24 india,85,Cars24,2026-08
cars 24 altona north,83,Cars24,2026-08
car24 australia,81,Cars24,2026-08
cars 24 qld,78,Cars24,2026-08
cars24 altona,76,Cars24,2026-08
cars24 morningside,72,Cars24,2026-08
cars 24 yeerongpilly,72,Cars24,2026-08
cars24 brisbane used cars,70,Cars24 Buy,2026-08
"cars24 brisbane - buy, sell & finance used cars",67,Cars24 Sell,2026-08
2024 cars australia,67,Cars24,2026-08
cars24 instant offer,66,Cars24,2026-08
cars 24 laverton,66,Cars24,2026-08
cars24 sydney used cars,61,Cars24 Buy,2026-08
cars24 melbourne used cars,60,Cars24 Buy,2026-08
cars24 near me,59,Cars24 Cities,2026-08
cars24 timing,58,Cars24,2026-08
cars24 victoria,55,Cars24,2026-08
car 24 villawood,53,Cars24,2026-08
cars24 contact number,45,Cars24 Customer Care,2026-08
cars24 address,45,Cars24,2026-08
cars24 opening hours,43,Cars24,2026-08
cars24 warranty,42,Cars24,2026-08
cars24 qld,42,Cars24,2026-08
cars24 vic,42,Cars24,2026-08
24 car,42,Cars24,2026-08
cars24 melbourne laverton,41,Cars24 Cities,2026-08
is cars24 australia legit,41,Cars24,2026-08
is cars24 reliable,41,Cars24,2026-08
cars24 location,40,Cars24,2026-08
cars24 / carsales / cars4us — which is the better platform to buy from?,40,Cars24 Buy,2026-08
24 car sale,39,Cars24,2026-08
car24 review,38,Others,2026-08
"cars24 melbourne - buy, sell & finance used cars photos",37,Cars24 Sell,2026-08
"cars24 brisbane - buy, sell & finance used cars photos",34,Cars24 Sell,2026-08
cars24.com australia,33,Cars24,2026-08
cars 24 near me,33,Cars24 Cities,2026-08
cars24 india,33,Cars24,2026-08
cars247,32,Cars24,2026-08
which is better to buy from — cars24 or cars4us?,32,Cars24 Buy,2026-08
cara 24,31,Cars24,2026-08
what is cars24,31,Cars24,2026-08
24 cars near me,31,Cars24 Cities,2026-08
car24au,30,Cars24,2026-08
cars 24/7,30,Cars24,2026-08
car 24 brisbane,30,Cars24 Cities,2026-08
"which is better to buy from, carsales or cars24?",30,Cars24 Buy,2026-08
cars24 australia reviews,29,Others,2026-08
cars 24 legit,29,Cars24,2026-08
cars24 brisbane - buy sell & finance used cars,28,Cars24 Sell,2026-08
cars24 service centre,28,Cars24,2026-08
cars24 sydney photos,28,Cars24 Cities,2026-08
is cars24's inspection free?,28,Cars24,2026-08
card24,27,Cars24,2026-08
cars24 contact,27,Cars24,2026-08
cars24 sell my car,27,Cars24 Sell,2026-08
cars24 au,27,Cars24,2026-08
cars24/7,26,Cars24,2026-08
how does cars24 work,26,Cars24,2026-08
cars 247,25,Cars24,2026-08
cars 24 nsw,25,Cars24,2026-08
is cars24 trustworthy,25,Cars24,2026-08
car24 location,24,Cars24,2026-08
cars 24 review,24,Others,2026-08
cars24 review complaints,24,Cars24 Customer Care,2026-08
is cars24 a reliable place to buy used cars?,24,Cars24 Buy,2026-08
cars24 locations,23,Cars24,2026-08
cars24 melbourne address,23,Cars24 Cities,2026-08
cars24 phone number,23,Cars24,2026-08
cars24 login,22,Others,2026-08
cars24 parramatta,22,Cars24,2026-08
cars 24 au,22,Cars24,2026-08
cars24 laverton north,21,Cars24,2026-08
cars24 sell car,21,Cars24 Sell,2026-08
cars24 jobs,21,Others,2026-08
what is cars 24,21,Cars24,2026-08
cars24 dealership,21,Cars24,2026-08
"cars24 sydney - buy, sell & finance used cars photos",21,Cars24 Sell,2026-08
"can i trust carsales and cars24, or should i buy a new car instead?",21,Cars24 Buy,2026-08
cars24 trade in,20,Cars24,2026-08
cars 24 service,20,Cars24,2026-08
cars24 australia review,20,Others,2026-08
cars24 melbourne photos,20,Cars24 Cities,2026-08
is cars24 safe for selling cars?,20,Cars24,2026-08
cars24 buy,19,Cars24 Buy,2026-08
car 24 sales,19,Cars24,2026-08
car24 india,19,Cars24,2026-08
cars24 sydney villawood,18,Cars24 Cities,2026-08
cars24.com.au,18,Cars24,2026-08
is cars24 a good place to buy a used car?,18,Cars24 Buy,2026-08
cars 24 sell my car,17,Cars24 Sell,2026-08
cars 24 app,17,Cars24,2026-08
cars24 brisbane address,17,Cars24 Cities,2026-08
who owns cars24,17,Cars24,2026-08
site:cars24.com.au toyota camry hybrid 2020 victoria,17,Cars24 + Car Model,2026-08
cars24 adelaide,16,Cars24 Cities,2026-08
24 car sales,16,Cars24,2026-08
team cars24,16,Cars24,2026-08
cars24 - vic (t),16,Cars24,2026-08
is cars24 good,16,Cars24,2026-08
cars 24 login,15,Others,2026-08
car24 near me,15,Cars24 Cities,2026-08
where is cars24 located,15,Cars24,2026-08
car 24 near me,15,Cars24 Cities,2026-08
can i negotiate the price while selling on cars24 ?,15,Cars24 Buy,2026-08
cars24 vs carsales reviews — which is more trusted?,15,Others,2026-08
cars 24 morningside,14,Cars24,2026-08
cars24 perth,14,Cars24 Cities,2026-08
car24 sale,14,Cars24,2026-08
cars24 abn,14,Cars24,2026-08
cars 24 hyderabad,14,Cars24 Cities,2026-08
cars24 finance,13,Cars24,2026-08
cars24 extended warranty,13,Cars24,2026-08
cars24 app,13,Cars24,2026-08
car24 reviews,13,Others,2026-08
cars24 india website,13,Cars24,2026-08
cars24 logo,13,Others,2026-08
cars24.com,13,Cars24,2026-08
i'm thinking of buying a used car from cars24.com — what do real customers say about inspection quality and whether cars match the website description?,13,Cars24 Buy,2026-08
cars 24 laverton north,12,Cars24,2026-08
cars24 30 day return policy,12,Cars24,2026-08
cars24 valuation,12,Cars24 Sell,2026-08
24 cars review,12,Others,2026-08
cars24 hours,12,Cars24,2026-08
cars24 india used cars,12,Cars24 Buy,2026-08
"does cars24 actually show all costs upfront or are there hidden fees like with traditional dealers, and how accurate is their ai valuation?",12,Cars24 Sell,2026-08
cars24 careers,11,Others,2026-08
cars 24 finance,11,Cars24,2026-08
www cars24 com used cars,11,Cars24 Buy,2026-08
car 24 australia,11,Cars24,2026-08
cars24 uae,11,Cars24,2026-08
cars 24 owner,11,Cars24,2026-08
cars24 selling review,11,Others,2026-08
is car24 legit,11,Cars24,2026-08
who owns cars 24,11,Cars24,2026-08
mycar24,10,Cars24,2026-08
cars24 luxury,10,Cars24,2026-08
cars24 service,10,Cars24,2026-08
used cars cars24,10,Cars24 Buy,2026-08
cars24 sell,10,Cars24 Sell,2026-08
cars24 used cars,10,Cars24 Buy,2026-08
cars 24 hours,10,Cars24,2026-08
cars24 granville,10,Cars24,2026-08
cars24 number,10,Cars24,2026-08
cars 24 vic,10,Cars24,2026-08
24 cara,9,Cars24,2026-08
car24 sell car,9,Cars24 Sell,2026-08
cars 24 location,9,Cars24,2026-08
124 cars,9,Cars24,2026-08
cars24 owner,9,Cars24,2026-08
2024 cars,9,Cars24,2026-08
"cars24 melbourne - buy, sell & finance used cars, 441 grieve parade, altona north vic 3025",9,Cars24 Sell,2026-08
"i've heard mixed things about cars24's inspection — they say it's based on 300 parameters and ai pricing, but reddit says their valuations are too low. do they actually offer fair prices?",9,Cars24 Sell,2026-08
cars24 calculator,8,Cars24,2026-08
cars24 extended warranty review,8,Others,2026-08
cars24 vs carsales,8,Cars24,2026-08
cars24 website,8,Cars24,2026-08
cars24.,8,Cars24,2026-08
2024 cars for sale,8,Cars24,2026-08
cars24 for sale,8,Cars24,2026-08
cars24 laverton address,8,Cars24,2026-08
cars24india,8,Cars24,2026-08
new 2024 cars,8,Cars24,2026-08
car24 login,7,Others,2026-08
car 24 laverton,7,Cars24,2026-08
cars24 inspection,7,Cars24,2026-08
car247,7,Cars24,2026-08
cars 24 address,7,Cars24,2026-08
cars24 google reviews,7,Others,2026-08
does cars24 negotiate,7,Cars24,2026-08
cars 245,7,Cars24,2026-08
cars24 alternative,7,Cars24,2026-08
cars24 cars,7,Cars24,2026-08
cars24 sale,7,Cars24,2026-08
cars24 sales,7,Cars24,2026-08
is cars 24 legit,7,Cars24,2026-08
the horror cars24 is cars24 review,7,Others,2026-08
who is the owner of cars24?,7,Cars24,2026-08
www.cars24.com india,7,Cars24,2026-08
cars 24 customer care,6,Cars24 Customer Care,2026-08
cars24 aus,6,Cars24,2026-08
cars 24 number,6,Cars24,2026-08
camry cars24,6,Cars24 + Car Model,2026-08
car24 contact number,6,Cars24 Customer Care,2026-08
cars 24 cars,6,Cars24,2026-08
cars 24 hub,6,Cars24,2026-08
cars24 call,6,Cars24,2026-08
cars24 complaints,6,Cars24 Customer Care,2026-08
cars24.com india,6,Cars24,2026-08
car24 website,6,Cars24,2026-08
cars24 ceo,6,Cars24,2026-08
cars24 rating,6,Cars24,2026-08
cars24.in,6,Cars24,2026-08
is car24 reliable,6,Cars24,2026-08
cars 24 7,5,Cars24,2026-08
cars 24 contact,5,Cars24,2026-08
cars24 bmw,5,Cars24 + Car Model,2026-08
car24s,5,Cars24,2026-08
cars 24 contact number,5,Cars24 Customer Care,2026-08
cars24 coupon code,5,Cars24,2026-08
cars24 hub,5,Cars24,2026-08
cars24 location near me,5,Cars24 Cities,2026-08
cars 24 website,5,Cars24,2026-08
cars24 challan,5,Cars24 Challan,2026-08
cars24 insurance,5,Cars24 Buy,2026-08
cars24 laverton reviews,5,Others,2026-08
cars24 negotiation,5,Cars24,2026-08
mycars24,5,Cars24,2026-08
s24 car,5,Cars24,2026-08
site:www.cars24.com.au,5,Cars24,2026-08
cars 24 email,4,Cars24,2026-08
cars 24 online,4,Cars24,2026-08
cars 24.com,4,Cars24,2026-08
cars24 car service,4,Cars24,2026-08
call cars24,4,Cars24,2026-08
cars 24 warranty,4,Cars24,2026-08
cars24 customer service,4,Cars24 Customer Care,2026-08
cars24 payment process,4,Cars24,2026-08
cars24 return policy,4,Cars24,2026-08
cars 24 sell car,4,Cars24 Sell,2026-08
cars24 - nsw (t),4,Cars24,2026-08
cars24 customer care number,4,Cars24 Customer Care,2026-08
cars24 legit,4,Cars24,2026-08
carz 24,4,Cars24,2026-08
does cars24 negotiate while buying,4,Cars24,2026-08
honda civic cars24,4,Cars24 + Car Model,2026-08
my car 24,4,Cars24,2026-08
cars 24 30 day return policy,4,Cars24,2026-08
cars24 ad,4,Cars24,2026-08
cars24 ai,4,Cars24,2026-08
cars24 instagram,4,Cars24,2026-08
cars24 job,4,Others,2026-08
"cars24 melbourne - buy, sell & finance used cars reviews",4,Cars24 Sell,2026-08
do cars24 negotiate,4,Cars24,2026-08
team cars 24,4,Cars24,2026-08
what about cars24,4,Cars24,2026-08
cars24 contact email,3,Cars24,2026-08
cars24 30 days return policy,3,Cars24,2026-08
cars24 appointment booking,3,Cars24,2026-08
cars24 test drive,3,Cars24,2026-08
toyota corolla cars24,3,Cars24 + Car Model,2026-08
car24 address,3,Cars24,2026-08
car24 buy car,3,Cars24 Buy,2026-08
cars24 ev,3,Cars24,2026-08
cars24 finance review,3,Others,2026-08
cars24 showroom near me,3,Cars24 Cities,2026-08
car 24 app,3,Cars24,2026-08
car 24 office near me,3,Cars24 Cities,2026-08
car truth by cars24,3,Cars24,2026-08
car24 india website,3,Cars24,2026-08
car24 sale car,3,Cars24,2026-08
car24.com,3,Cars24,2026-08
car24/7,3,Cars24,2026-08
cars 24 .com,3,Cars24,2026-08
cars 24 ceo,3,Cars24,2026-08
cars 24 coimbatore contact number,3,Cars24 Customer Care,2026-08
cars 24 logo,3,Others,2026-08
cars 24 valuation,3,Cars24 Sell,2026-08
cars cars24,3,Cars24,2026-08
cars24 auction,3,Cars24 Buy,2026-08
"cars24 brisbane - buy, sell & finance used cars, 40 steel pl, morningside qld 4170",3,Cars24 Sell,2026-08
cars24 complaint number,3,Cars24 Customer Care,2026-08
cars24 dealer,3,Cars24,2026-08
cars24 google review,3,Others,2026-08
cars24 loan,3,Cars24 Buy,2026-08
cars24 opening time,3,Cars24,2026-08
cars24 tesla,3,Cars24,2026-08
cars24 trustpilot,3,Cars24,2026-08
cars24 vic t,3,Cars24,2026-08
cars24 wiki,3,Cars24,2026-08
cars24 workshop,3,Cars24,2026-08
cars24',3,Cars24,2026-08
cash for cars 24/7,3,Cars24,2026-08
ccars24,3,Cars24,2026-08
diesel in petrol car 24/7 service bunbury,3,Cars24 Cities,2026-08
do cars24 negotiate price,3,Cars24 Buy,2026-08
does cars24 give good price,3,Cars24 Buy,2026-08
is cars24 an indian company?,3,Cars24,2026-08
is cars24 open on sunday,3,Cars24,2026-08
my car24,3,Cars24,2026-08
owner of cars24,3,Cars24,2026-08
v24 cars,3,Cars24,2026-08
what is cars24 company,3,Cars24,2026-08
car24 careers,2,Others,2026-08
cars 24 careers,2,Others,2026-08
cars24 career,2,Others,2026-08
cars24 delivery,2,Cars24,2026-08
cars24 head office,2,Cars24 Customer Care,2026-08
cars24 toyota,2,Cars24,2026-08
cars24com,2,Cars24,2026-08
honda civic cars 24,2,Cars24 + Car Model,2026-08
hyundai tucson cars24,2,Cars24 + Car Model,2026-08
audi cars24,2,Cars24 + Car Model,2026-08
call cars 24,2,Cars24,2026-08
car 24 delhi,2,Cars24 Cities,2026-08
car24 finance,2,Cars24,2026-08
cars 24 buy car,2,Cars24 Buy,2026-08
cars 24 jobs,2,Others,2026-08
cars 24 luxury cars,2,Cars24 Buy,2026-08
cars 24 return policy,2,Cars24,2026-08
cars24 australia office,2,Cars24,2026-08
cars24 book appointment,2,Cars24,2026-08
cars24 car valuation,2,Cars24 Sell,2026-08
cars24 coupon code first order,2,Cars24,2026-08
cars24 customer care,2,Cars24 Customer Care,2026-08
cars24 electric car,2,Cars24 Buy,2026-08
cars24 showroom,2,Cars24,2026-08
cars24 stock,2,Cars24,2026-08
cars24 warranty customer care number,2,Cars24 Customer Care,2026-08
how to delete cars24 account,2,Cars24,2026-08
mercedes cars24,2,Cars24 + Car Model,2026-08
sell my car cars24,2,Cars24 Sell,2026-08
www.cars24.com,2,Cars24,2026-08
2024 car,2,Cars24,2026-08
2024 car for sale,2,Cars24,2026-08
2024 cars under 30k,2,Cars24,2026-08
24 car care,2,Cars24,2026-08
bmw cars24,2,Cars24 + Car Model,2026-08
c24 car,2,Cars24,2026-08
car 24 7,2,Cars24,2026-08
car 24 challan check,2,Cars24 Challan,2026-08
car 24 sell car,2,Cars24 Sell,2026-08
car 24x7,2,Cars24,2026-08
car24 app,2,Cars24,2026-08
car24 app download,2,Cars24,2026-08
car24 number,2,Cars24,2026-08
car24 uae,2,Cars24,2026-08
cars 24 amritsar,2,Cars24 Cities,2026-08
cars 24 bmw,2,Cars24 + Car Model,2026-08
cars 24 coupon code,2,Cars24,2026-08
cars 24 dealership,2,Cars24,2026-08
cars 24 delhi,2,Cars24 Cities,2026-08
cars 24 hr,2,Cars24,2026-08
cars 24 is good or bad,2,Cars24,2026-08
cars 24 kerala,2,Cars24 Cities,2026-08
cars 24 phone number,2,Cars24,2026-08
cars 24.,2,Cars24,2026-08
cars cars 24,2,Cars24,2026-08
cars24 address near me,2,Cars24 Cities,2026-08
cars24 australia ceo,2,Cars24,2026-08
cars24 australia official website,2,Cars24,2026-08
cars24 buy car,2,Cars24 Buy,2026-08
cars24 buy used cars,2,Cars24 Buy,2026-08
cars24 chennai used cars price list,2,Cars24 Buy,2026-08
cars24 complaint email id,2,Cars24 Customer Care,2026-08
cars24 customer care toll free number india 24x7,2,Cars24 Customer Care,2026-08
cars24 delete account,2,Cars24,2026-08
cars24 discount,2,Cars24,2026-08
cars24 email,2,Cars24,2026-08
cars24 email address,2,Cars24,2026-08
cars24 escalation email id,2,Cars24,2026-08
cars24 hq,2,Cars24,2026-08
cars24 hyd,2,Cars24,2026-08
cars24 india app,2,Cars24,2026-08
cars24 job review,2,Others,2026-08
cars24 online,2,Cars24,2026-08
cars24 price check,2,Cars24 Buy,2026-08
cars24 promo code,2,Cars24,2026-08
cars24 rental,2,Cars24,2026-08
cars24 review for buying,2,Others,2026-08
cars24 services,2,Cars24,2026-08
cars24 working days,2,Cars24,2026-08
cars24 yard near me,2,Cars24 Cities,2026-08
cars24 youtube,2,Cars24,2026-08
cars244,2,Cars24,2026-08
cars245,2,Cars24,2026-08
delete cars24 account,2,Cars24,2026-08
is cars24 a scam,2,Cars24,2026-08
kia seltos cars 24,2,Cars24 + Car Model,2026-08
my cars24,2,Cars24,2026-08
planning to sell my car through cars24 but worried about legal issues later — does their seller kavach program actually work? any real cases where sellers still had problems?,2,Cars24 Sell,2026-08
rental cars 24,2,Cars24,2026-08
scars24,2,Cars24,2026-08
used car 24,2,Cars24 Buy,2026-08
used cars 24,2,Cars24 Buy,2026-08
what is car 24,2,Cars24,2026-08
buy cars24,1,Cars24 Buy,2026-08
car 24 phone number,1,Cars24,2026-08
car 24/7,1,Cars24,2026-08
car24 car valuation,1,Cars24 Sell,2026-08
car24 customer care number,1,Cars24 Customer Care,2026-08
car24 online,1,Cars24,2026-08
cars 24 audi,1,Cars24 + Car Model,2026-08
cars 24 buy,1,Cars24 Buy,2026-08
cars 24 call,1,Cars24,2026-08
cars 24 car sell,1,Cars24 Sell,2026-08
cars 24 net worth,1,Cars24,2026-08
cars 24 office,1,Cars24,2026-08
cars 24 polo,1,Cars24 + Car Model,2026-08
cars24 application,1,Cars24,2026-08
cars24 helpline number,1,Cars24 Customer Care,2026-08
cars24 hiring,1,Others,2026-08
cars24 honda,1,Cars24,2026-08
cars24 honda civic,1,Cars24 + Car Model,2026-08
cars24 hyundai i20,1,Cars24 + Car Model,2026-08
cars24 jimny,1,Cars24 + Car Model,2026-08
cars24 job vacancy,1,Others,2026-08
cars24 kia seltos,1,Cars24 + Car Model,2026-08
cars24 loan login,1,Cars24 Buy,2026-08
cars24 owned by,1,Cars24,2026-08
cars24 purchase,1,Cars24,2026-08
cars24 refund policy,1,Cars24,2026-08
cars24 registration,1,Cars24,2026-08
cars24 vehicle history,1,Cars24,2026-08
cars24 vehicle history report,1,Cars24,2026-08
cars24 volkswagen polo,1,Cars24 + Car Model,2026-08
ccar24,1,Cars24,2026-08
fronx cars 24,1,Cars24 + Car Model,2026-08
honda crv cars24,1,Cars24,2026-08
how does cars24 auction work,1,Cars24 Buy,2026-08
hyundai venue cars24,1,Cars24 + Car Model,2026-08
jimny cars24,1,Cars24 + Car Model,2026-08
sell car cars24,1,Cars24 Sell,2026-08
vcars 24,1,Cars24,2026-08
2024 car models,1,Cars24,2026-08
24 car sale near me,1,Cars24 Cities,2026-08
24 car service,1,Cars24,2026-08
24 carro,1,Cars24,2026-08
24 cars 3,1,Cars24,2026-08
724 car,1,Cars24,2026-08
about cars24,1,Cars24,2026-08
car 24 .com,1,Cars24,2026-08
car 24 cars,1,Cars24,2026-08
car 24 india,1,Cars24,2026-08
car 24 location,1,Cars24,2026-08
car 24 new delhi,1,Cars24 Cities,2026-08
car 24 review,1,Others,2026-08
car 24 sale,1,Cars24,2026-08
car 247,1,Cars24,2026-08
car24 chalan,1,Cars24 Challan,2026-08
car24 challan,1,Cars24 Challan,2026-08
car24 delhi used cars,1,Cars24 Buy,2026-08
car24 hub,1,Cars24,2026-08
car24 insurance,1,Cars24 Buy,2026-08
car24 is good or bad,1,Cars24,2026-08
car24 kalyan,1,Cars24,2026-08
car24 rent a car,1,Cars24,2026-08
car24 sell,1,Cars24 Sell,2026-08
car24 service,1,Cars24,2026-08
car24 valuation,1,Cars24 Sell,2026-08
car24.com india,1,Cars24,2026-08
car243,1,Cars24,2026-08
cars 24 ae,1,Cars24,2026-08
cars 24 app download,1,Cars24,2026-08
cars 24 car valuation,1,Cars24 Sell,2026-08
cars 24 challan,1,Cars24 Challan,2026-08
cars 24 ipo,1,Cars24,2026-08
cars 24 loan,1,Cars24 Buy,2026-08
cars 24 new cars,1,Cars24 + Car Model,2026-08
cars 24 sale,1,Cars24,2026-08
cars 24 sell,1,Cars24 Sell,2026-08
cars 24 service center,1,Cars24,2026-08
cars 24 thanjavur,1,Cars24 Cities,2026-08
cars 24 uae,1,Cars24,2026-08
cars 24 wiki,1,Cars24,2026-08
cars 24.in,1,Cars24,2026-08
cars 24\,1,Cars24,2026-08
cars24 7 seater car,1,Cars24,2026-08
cars24 about,1,Cars24,2026-08
cars24 app india,1,Cars24,2026-08
cars24 astra tower,1,Cars24,2026-08
cars24 audi,1,Cars24 + Car Model,2026-08
cars24 boat,1,Cars24,2026-08
cars24 branches,1,Cars24,2026-08
cars24 brisbane photos,1,Cars24 Cities,2026-08
cars24 challan payment,1,Cars24 Challan,2026-08
cars24 chennai contact number,1,Cars24 Customer Care,2026-08
cars24 company name,1,Cars24,2026-08
cars24 company valuation,1,Cars24 Sell,2026-08
cars24 complaint email id india,1,Cars24 Customer Care,2026-08
cars24 complaint mail id,1,Cars24 Customer Care,2026-08
cars24 complaint mail id india,1,Cars24 Customer Care,2026-08
cars24 contact number india,1,Cars24 Customer Care,2026-08
cars24 customer complaints,1,Cars24 Customer Care,2026-08
cars24 customer service number,1,Cars24 Customer Care,2026-08
cars24 deals,1,Cars24,2026-08
cars24 discount coupon,1,Cars24,2026-08
cars24 email id,1,Cars24,2026-08
cars24 escalation,1,Cars24,2026-08
cars24 europe,1,Cars24,2026-08
cars24 finance customer care number,1,Cars24 Customer Care,2026-08
cars24 financial services,1,Cars24 Buy,2026-08
cars24 financial services pvt ltd,1,Cars24 Buy,2026-08
cars24 founder,1,Cars24,2026-08
cars24 gt mall reviews,1,Others,2026-08
cars24 head office address,1,Cars24 Customer Care,2026-08
cars24 help,1,Cars24,2026-08
cars24 india app download,1,Cars24,2026-08
cars24 india website used cars,1,Cars24 Buy,2026-08
cars24 inspection near me,1,Cars24 Cities,2026-08
cars24 ipo,1,Cars24,2026-08
cars24 is genuine,1,Cars24,2026-08
cars24 is owned by,1,Cars24,2026-08
cars24 is trusted or not,1,Cars24,2026-08
cars24 jakkur,1,Cars24 Cities,2026-08
cars24 jobs near me,1,Others,2026-08
cars24 lifetime warranty terms and conditions,1,Cars24,2026-08
cars24 linkedin,1,Cars24,2026-08
cars24 loan interest rate,1,Cars24 Buy,2026-08
cars24 mohali,1,Cars24 Cities,2026-08
cars24 near me location,1,Cars24 Cities,2026-08
cars24 new cars,1,Cars24 + Car Model,2026-08
cars24 online valuation,1,Cars24 Sell,2026-08
cars24 owner details,1,Others,2026-08
cars24 premium,1,Cars24 Buy,2026-08
cars24 price,1,Cars24 Buy,2026-08
cars24 price negotiation,1,Cars24 Buy,2026-08
cars24 rc transfer complaints,1,Cars24 Customer Care,2026-08
cars24 recruitment,1,Cars24,2026-08
cars24 refund process,1,Cars24,2026-08
cars24 registration check,1,Others,2026-08
cars24 review for selling,1,Others,2026-08
cars24 review reddit,1,Others,2026-08
cars24 roadside assistance,1,Cars24,2026-08
cars24 sell online,1,Cars24 Sell,2026-08
cars24 selling process,1,Cars24,2026-08
cars24 service center,1,Cars24,2026-08
cars24 service history,1,Others,2026-08
cars24 south africa,1,Cars24,2026-08
cars24 surat pal,1,Cars24 Cities,2026-08
cars24 unsubscribe,1,Cars24,2026-08
cars24 valuation 2026,1,Cars24 Sell,2026-08
cars24 warranty policy,1,Cars24,2026-08
cars24 wikipedia,1,Cars24,2026-08
cars24 yeshwanthpur,1,Cars24,2026-08
cars24.con,1,Cars24,2026-08
cars245 review,1,Others,2026-08
cars247 login,1,Others,2026-08
cars24],1,Cars24,2026-08
ceo of cars24,1,Cars24,2026-08
check 24 cars,1,Cars24,2026-08
check cars 24,1,Cars24,2026-08
check24 cars,1,Cars24,2026-08
deployment inc cars24,1,Cars24,2026-08
does car24 negotiate price,1,Cars24 Buy,2026-08
does cars24 charge for car inspection,1,Cars24,2026-08
does cars24 sell accidental cars,1,Cars24 Sell,2026-08
from cars24,1,Cars24,2026-08
global cars 247,1,Cars24,2026-08
hilux cars24,1,Cars24,2026-08
how long does it take to transfer the vehicle registration on cars24?,1,Cars24,2026-08
how to get refund from cars24,1,Cars24,2026-08
how to sell car on cars24,1,Cars24 Sell,2026-08
how to stop cars24 calls,1,Cars24,2026-08
hyundai elantra cars24,1,Cars24 + Car Model,2026-08
i 24 car,1,Cars24,2026-08
is cars24 genuine,1,Cars24,2026-08
is cars24 listed,1,Cars24,2026-08
is cars24 reliable for buying car,1,Cars24,2026-08
is cars24 safe,1,Cars24,2026-08
is cars24 safe to sell car,1,Cars24 Sell,2026-08
is it safe to buy car from cars24,1,Cars24 Buy,2026-08
model cars 24,1,Cars24,2026-08
my24 car,1,Cars24,2026-08
mycar 24,1,Cars24,2026-08
old car 24,1,Cars24,2026-08
owner of cars 24,1,Cars24,2026-08
r24 car,1,Cars24,2026-08
reddit cars24,1,Cars24,2026-08
rental car 24,1,Cars24,2026-08
second hand cars24,1,Cars24 Buy,2026-08
sell car 24,1,Cars24 Sell,2026-08
selling car to cars24,1,Cars24,2026-08
site:www.cars24.com,1,Cars24,2026-08
sites like cars24,1,Cars24,2026-08
t24 car,1,Cars24,2026-08
toyota cars24,1,Cars24,2026-08
toyota fortuner cars24,1,Cars24 + Car Model,2026-08
u9 24 car,1,Cars24,2026-08
used car24,1,Cars24 Buy,2026-08
vcars24,1,Cars24,2026-08
websites like cars24,1,Cars24,2026-08
what is car24,1,Cars24,2026-08
what is cars24 challan,1,Cars24 Challan,2026-08
what is cars24?,1,Cars24,2026-08
www.cars24,1,Cars24,2026-08
